TiempoRespuestaPararse,TiempoRespuestaPregunta1,TiempoRespuestaPregunta2,TiempoRespuestaPregunta3,TiempoReaccionVisual,TiempoCapturarNumero,DeterioroCognitivo,_archivo_origen,_carpeta_origen,_timestamp,_session_id,_nombre_paciente,_edad,_rut,_mano_dominante
0.0,21.968002319335938,56.82012939453125,25.910552978515625,,9.719818115234375,,neuroflex_data_20251113_162526_1b7d4e29-99a6-4c22-a68e-14d2a1365209.json,Sesion_10_20251113,2025-11-13T19:25:26.804020,1b7d4e29-99a6-4c22-a68e-14d2a1365209,Luis Osorio,73.0,6.987.415-0,right
0.0,5.244232177734375,21.534088134765625,6.4110107421875,,9.735391616821289,,neuroflex_data_20251113_162549_48ad7325-680e-47be-8622-45fe2a9450d2.json,Sesion_10_20251113,2025-11-13T19:25:49.286245,48ad7325-680e-47be-8622-45fe2a9450d2,Ana Conejeros,67.0,19.471.268-5,right
0.0,53.52374267578125,62.280975341796875,21.33984375,,7.808696746826172,,neuroflex_data_20251113_163754_59300dc7-63f2-4d7b-980a-1ef258b14cf8.json,Sesion_10_20251113,2025-11-13T19:37:54.954195,59300dc7-63f2-4d7b-980a-1ef258b14cf8,Inez Maldonado,80.0,5.842.782-9,right
0.0,2.111114501953125,1.573760986328125,10.080078125,,11.047455787658691,,neuroflex_data_20251113_171551_44ba1a29-f66b-451f-811e-668d8f157b12.json,Sesion_10_20251113,2025-11-13T20:15:51.544339,44ba1a29-f66b-451f-811e-668d8f157b12,Jose Baeza,67.0,8.507.187-4,right
0.0,46.030853271484375,16.3023681640625,39.9952392578125,,10.111080169677734,,neuroflex_data_20251113_172700_6bc24b57-9059-4a0e-933a-58f7fb9f4536.json,Sesion_10_20251113,2025-11-13T20:27:00.710917,6bc24b57-9059-4a0e-933a-58f7fb9f4536,Maria Cortez,64.0,9.560.659-8,left
6.40374755859375,90.26014709472656,47.020782470703125,39.486541748046875,,8.289328575134277,,neuroflex_data_20251113_180921_69e4c1dc-c5f0-40f6-b460-2d4c76e5db77.json,Sesion_10_20251113,2025-11-13T21:09:21.453196,69e4c1dc-c5f0-40f6-b460-2d4c76e5db77,Idail Pinto,61.0,19.471.268-5,right
0.0,24.430816650390625,10.764190673828125,10.26983642578125,,10.912483215332031,,neuroflex_data_20251117_161448_31446064-f12c-44ce-b40b-f756748d7793.json,Sesion_11_20251117,2025-11-17T19:14:48.523237,31446064-f12c-44ce-b40b-f756748d7793,Inez Maldonado,80.0,5.842.782-9,right
1.090057373046875,76.86347961425781,46.6634521484375,46.369873046875,,8.877117156982422,,neuroflex_data_20251117_161812_896b311b-d28c-49d0-9b51-3a1ea8375efa.json,Sesion_11_20251117,2025-11-17T19:18:12.045396,896b311b-d28c-49d0-9b51-3a1ea8375efa,Luis Osorio,73.0,6.987.415-0,right
0.0,15.090057373046875,5.860748291015625,62.931732177734375,,10.683571815490723,,neuroflex_data_20251117_170126_956711cd-ad7b-4084-84fe-0aa09fbe7c23.json,Sesion_11_20251117,2025-11-17T20:01:26.196271,956711cd-ad7b-4084-84fe-0aa09fbe7c23,Maria Cortez,64.0,9.560.659-8,left
10.33062744140625,43.547515869140625,40.867431640625,94.89697265625,,8.476656913757324,,neuroflex_data_20251117_181603_a1c1c39d-8017-40ad-bde6-da96c3ba3391.json,Sesion_11_20251117,2025-11-17T21:16:03.881482,a1c1c39d-8017-40ad-bde6-da96c3ba3391,Idail Pinto,61.0,19.471.268-5,right
0.0,44.31385803222656,55.4986572265625,46.30157470703125,,5.640378952026367,,neuroflex_data_20251124_161516_541a0528-5e58-45ea-8d17-614f57bf8a69.json,Sesion_12_20251124,2025-11-24T19:15:16.271173,541a0528-5e58-45ea-8d17-614f57bf8a69,Luis Osorio,73.0,6.987.415-0,right
0.0,83.603271484375,39.244781494140625,113.7811279296875,,8.61190414428711,,neuroflex_data_20251124_162650_df1e5484-b895-4cb4-8e67-7c69121c5a21.json,Sesion_12_20251124,2025-11-24T19:26:50.686152,df1e5484-b895-4cb4-8e67-7c69121c5a21,Inez Maldonado,80.0,5.842.782-9,right
0.0,18.371795654296875,8.360137939453125,14.59197998046875,,13.442126274108887,,neuroflex_data_20251124_164448_45e9101f-5ec9-4a41-9546-091fd77254d5.json,Sesion_12_20251124,2025-11-24T19:44:48.624690,45e9101f-5ec9-4a41-9546-091fd77254d5,Maria Cortez,64.0,9.560.659-8,left
0.0,4.3969879150390625,21.90118408203125,12.037384033203125,,22.077054977416992,,neuroflex_data_20251124_171205_8e63a8ea-c8ed-4467-a1ce-39aab02dd7c8.json,Sesion_12_20251124,2025-11-24T20:12:05.008992,8e63a8ea-c8ed-4467-a1ce-39aab02dd7c8,Jose Baeza,67.0,8.507.187-4,right
7.367095947265625,21.77783203125,31.8863525390625,23.273529052734375,,9.120985984802246,,neuroflex_data_20251124_180450_fc217add-0bc5-4ebe-bd19-0cb9e6e403d7.json,Sesion_12_20251124,2025-11-24T21:04:50.957385,fc217add-0bc5-4ebe-bd19-0cb9e6e403d7,Idail Pinto,61.0,19.471.268-5,right
0.0,15.35467529296875,24.264984130859375,9.387481689453125,,11.326940536499023,,neuroflex_data_20251127_161034_9ffc8509-f805-496e-8222-5f0fb311eb0e.json,Sesion_13_20251127,2025-11-27T19:10:34.956847,9ffc8509-f805-496e-8222-5f0fb311eb0e,Inez Maldonado,80.0,5.842.782-9,right
0.0,18.251907348632812,15.72357177734375,39.7728271484375,,7.792189121246338,,neuroflex_data_20251127_162023_c314d892-d07a-4d8f-84e1-8e26e13367dd.json,Sesion_13_20251127,2025-11-27T19:20:23.838914,c314d892-d07a-4d8f-84e1-8e26e13367dd,Maria Vasquez,78.0,6.645.059-7,right
0.0,65.62701416015625,33.75042724609375,147.36053466796875,,95.78858947753906,,neuroflex_data_20251127_162244_effefa7a-188d-4d04-8bd7-71d8da173207.json,Sesion_13_20251127,2025-11-27T19:22:44.979383,effefa7a-188d-4d04-8bd7-71d8da173207,Jose Cáceres,80.0,5.519.821-7,right
0.0,33.04937744140625,29.951904296875,23.6044921875,,8.532597541809082,,neuroflex_data_20251127_163627_b0f39ba6-f3a7-4123-b892-c71a07327ce7.json,Sesion_13_20251127,2025-11-27T19:36:27.497062,b0f39ba6-f3a7-4123-b892-c71a07327ce7,Luis Osorio,73.0,6.987.415-0,right
0.0,109.36012268066406,21.745941162109375,20.69464111328125,,9.573874473571777,,neuroflex_data_20251127_165617_26f0e07e-ef42-4516-8ac5-d75093da0ec7.json,Sesion_13_20251127,2025-11-27T19:56:17.079700,26f0e07e-ef42-4516-8ac5-d75093da0ec7,Maria Cortez,64.0,9.560.659-8,left
0.0,13.469100952148438,12.78814697265625,17.607696533203125,,8.781329154968262,,neuroflex_data_20251127_171322_c3416954-59cd-48bd-9d8f-91509b89c5c7.json,Sesion_13_20251127,2025-11-27T20:13:22.981294,c3416954-59cd-48bd-9d8f-91509b89c5c7,,,,
0.0,30.733810424804688,31.008148193359375,30.8677978515625,,8.38908576965332,,neuroflex_data_20251127_180552_d96441de-c16e-4128-9e6a-dbc7833dda77.json,Sesion_13_20251127,2025-11-27T21:05:52.680149,d96441de-c16e-4128-9e6a-dbc7833dda77,Idail Pinto,61.0,19.471.268-5,right
0.0,30.67779541015625,29.863861083984375,35.7060546875,,8.391802787780762,,neuroflex_data_20251201_160629_8e5e499c-b45c-4be0-a9d7-1935bf3782f1.json,Sesion_14_20251201,2025-12-01T19:06:29.058147,8e5e499c-b45c-4be0-a9d7-1935bf3782f1,Luis Osorio,73.0,6.987.415-0,right
0.0,88.876708984375,45.121826171875,43.65435791015625,,12.703510284423828,,neuroflex_data_20251201_161831_e596cb68-e970-43b0-8097-3a9628611e48.json,Sesion_14_20251201,2025-12-01T19:18:31.260141,e596cb68-e970-43b0-8097-3a9628611e48,Inez Maldonado,80.0,5.842.782-9,right
0.0,17.760147094726562,12.327728271484375,27.389007568359375,,9.878618240356445,,neuroflex_data_20251201_164301_55331caa-2933-4ab0-8832-c0a8e5d59e3e.json,Sesion_14_20251201,2025-12-01T19:43:01.574602,55331caa-2933-4ab0-8832-c0a8e5d59e3e,Maria Cortez,64.0,9.560.659-8,left
0.0,10.057891845703125,10.12933349609375,14.6375732421875,,5.1555657386779785,,neuroflex_data_20251201_171350_59712ad6-e09c-4bd9-a548-3d433793ee57.json,Sesion_14_20251201,2025-12-01T20:13:50.558231,59712ad6-e09c-4bd9-a548-3d433793ee57,Jose Cáceres,67.0,8.507.187-4,right
0.0,48.32469177246094,22.831329345703125,109.40106201171875,,7.866585731506348,,neuroflex_data_20251204_163027_4518544e-a587-451b-91d0-5e335b975300.json,Sesion_15_20251204,2025-12-04T19:30:27.183911,4518544e-a587-451b-91d0-5e335b975300,Luis Osorio,73.0,6.987.415-0,right
0.0,10.328857421875,15.219146728515625,10.873443603515625,,7.292700290679932,,neuroflex_data_20251204_171054_0ab4529a-96db-4bc9-adda-b8275dfa6313.json,Sesion_15_20251204,2025-12-04T20:10:54.089995,0ab4529a-96db-4bc9-adda-b8275dfa6313,Jose Baeza,67.0,8.507.187-4,right
0.0,31.177413940429688,5.55224609375,9.750701904296875,,9.57383918762207,,neuroflex_data_20251204_171610_15b321dd-3831-44e0-bc5e-da6cee4c57eb.json,Sesion_15_20251204,2025-12-04T20:16:10.355221,15b321dd-3831-44e0-bc5e-da6cee4c57eb,Maria Cortez,64.0,9.560.659-8,left
0.0,37.14851379394531,41.438507080078125,40.5594482421875,,8.892670631408691,,neuroflex_data_20251204_180610_85d8d8de-9022-49d8-ab23-6095df9c1555.json,Sesion_15_20251204,2025-12-04T21:06:10.285344,85d8d8de-9022-49d8-ab23-6095df9c1555,Idail Pinto,61.0,19.471.268-5,right
0.0,29.587249755859375,10.4251708984375,68.20248413085938,,7.929149150848389,,neuroflex_data_20251211_161216_eb063e7f-9fdc-47c0-aab8-26cbf370db7d.json,Sesion_16_20251211,2025-12-11T19:12:16.118619,eb063e7f-9fdc-47c0-aab8-26cbf370db7d,Luis Osorio,73.0,6.987.415-0,right
0.0,68.58395385742188,31.399993896484375,16.5926513671875,,11.935546875,,neuroflex_data_20251211_161629_ca41e13c-5a3b-4e61-8b42-c170f22f381c.json,Sesion_16_20251211,2025-12-11T19:16:29.115528,ca41e13c-5a3b-4e61-8b42-c170f22f381c,Inez Maldonado,80.0,5.842.782-9,right
0.0,54.36212158203125,7.0650634765625,27.76861572265625,,33.83516311645508,,neuroflex_data_20251013_161615_d0e61b46-0c8d-46a2-ab03-2b90d28fb41b.json,Sesion_1_20251013,2025-10-13T19:16:15.691686,d0e61b46-0c8d-46a2-ab03-2b90d28fb41b,Ana Conejeros,67.0,19.471.268-5,right
0.0,41.423583984375,97.02578735351562,44.80316162109375,,21.088687896728516,,neuroflex_data_20251013_162430_ad02dca1-358e-480a-936e-7ceeaf565c3e.json,Sesion_1_20251013,2025-10-13T19:24:30.805954,ad02dca1-358e-480a-936e-7ceeaf565c3e,Gloria Pizarro,84.0,19.471.268-5,right
0.0,24.824432373046875,32.3536376953125,12.661865234375,,21.646446228027344,,neuroflex_data_20251013_163347_df24fe30-1244-4445-ae33-cf4cdbbb2467.json,Sesion_1_20251013,2025-10-13T19:33:47.467722,df24fe30-1244-4445-ae33-cf4cdbbb2467,Carlos Jara,71.0,6.261.516-8,right
0.0,53.27093505859375,65.961669921875,86.58392333984375,,10.093661308288574,,neuroflex_data_20251013_164140_69a5e4f5-6460-4b2c-82cf-ab02bfe650df.json,Sesion_1_20251013,2025-10-13T19:41:40.089258,69a5e4f5-6460-4b2c-82cf-ab02bfe650df,Luis Osorio,73.0,6.987.415-0,right
0.0,75.69796752929688,47.35638427734375,37.908935546875,,32.385467529296875,,neuroflex_data_20251013_165442_a43616ae-2d79-4651-9884-b4748318cbfb.json,Sesion_1_20251013,2025-10-13T19:54:42.272333,a43616ae-2d79-4651-9884-b4748318cbfb,Maria Cabello,85.0,19.471.268-5,right
0.0,74.0579833984375,85.66409301757812,40.47845458984375,,20.872039794921875,,neuroflex_data_20251013_172430_82c58c58-dae4-45fc-8ef6-5ac0b84b7fb1.json,Sesion_1_20251013,2025-10-13T20:24:30.889073,82c58c58-dae4-45fc-8ef6-5ac0b84b7fb1,Ana Bustos,80.0,4.885.176-2,right
0.0,15.161468505859375,13.105499267578125,3.17083740234375,,12.065155982971191,,neuroflex_data_20251013_175551_c01c6574-edc3-4cca-bcb2-abd2008c13e0.json,Sesion_1_20251013,2025-10-13T20:55:51.320178,c01c6574-edc3-4cca-bcb2-abd2008c13e0,Idail Pinto,61.0,19.471.268-5,right
0.0,21.11962890625,13.02777099609375,14.772613525390625,,7.8870673179626465,,neuroflex_data_20251016_160501_3f49d74a-92e9-4f98-8b45-b3358752f6ed.json,Sesion_2_20251016,2025-10-16T19:05:01.681841,3f49d74a-92e9-4f98-8b45-b3358752f6ed,Ana Conejeros,67.0,19.471.268-5,right
0.0,125.1297607421875,141.4466552734375,61.85693359375,,12.018505096435547,,neuroflex_data_20251016_161022_55e5d81c-1696-4600-8bd3-2368b3e7a20b.json,Sesion_2_20251016,2025-10-16T19:10:22.576662,55e5d81c-1696-4600-8bd3-2368b3e7a20b,Luis Osorio,73.0,6.987.415-0,right
0.0,9.44268798828125,8.634765625,54.179840087890625,,21.262195587158203,,neuroflex_data_20251016_161518_da861efb-2c30-4c0e-9f14-4d97ad57edb2.json,Sesion_2_20251016,2025-10-16T19:15:18.744038,da861efb-2c30-4c0e-9f14-4d97ad57edb2,Carlos Jara,71.0,6.261.516-8,right
0.0,38.3193359375,68.9742431640625,58.31072998046875,,54.05441665649414,,neuroflex_data_20251016_162706_2eca6df8-0177-4c94-86ea-ffcf2bd24d81.json,Sesion_2_20251016,2025-10-16T19:27:06.287564,2eca6df8-0177-4c94-86ea-ffcf2bd24d81,Jose Cáceres,80.0,5.519.821-7,right
0.0,58.357635498046875,18.75421142578125,40.9912109375,,51.605445861816406,,neuroflex_data_20251016_163055_fa69a734-8350-4e94-8330-460a840c876f.json,Sesion_2_20251016,2025-10-16T19:30:55.613215,fa69a734-8350-4e94-8330-460a840c876f,Erica Saavedra,66.0,8.723.252-2,right
0.0,95.3485107421875,62.96490478515625,79.35467529296875,,56.380638122558594,,neuroflex_data_20251016_164406_0d5b3964-e062-46d6-a40e-ab8c139e6d25.json,Sesion_2_20251016,2025-10-16T19:44:06.499235,0d5b3964-e062-46d6-a40e-ab8c139e6d25,Inez Maldonado,80.0,5.842.782-9,right
0.0,78.979736328125,45.589935302734375,3.54974365234375,,12.210927963256836,,neuroflex_data_20251016_171205_5a4b366a-7f29-4ec2-9135-810080f2aa41.json,Sesion_2_20251016,2025-10-16T20:12:05.642312,5a4b366a-7f29-4ec2-9135-810080f2aa41,Maria Cortez,64.0,9.560.659-8,left
0.0,2.3101959228515625,3.1031494140625,86.6907958984375,,10.294513702392578,,neuroflex_data_20251016_181945_62d03d96-3df6-404f-b2f9-ad0af57f5ab5.json,Sesion_2_20251016,2025-10-16T21:19:45.459330,62d03d96-3df6-404f-b2f9-ad0af57f5ab5,Idail Pinto,61.0,19.471.268-5,right
0.0,2.2568359375,11.206451416015625,18.59002685546875,,26.356830596923828,,neuroflex_data_20251020_161359_28d1ccbb-f256-4956-bc19-63764e9b94c4.json,Sesion_3_20251020,2025-10-20T19:13:59.316949,28d1ccbb-f256-4956-bc19-63764e9b94c4,Ana Conejeros,67.0,19.471.268-5,right
0.0,23.3841552734375,93.27481079101562,42.59808349609375,,10.665010452270508,,neuroflex_data_20251020_161404_0793787c-b1df-4194-902e-0953a5845167.json,Sesion_3_20251020,2025-10-20T19:14:04.387070,0793787c-b1df-4194-902e-0953a5845167,Luis Osorio,73.0,6.987.415-0,right
0.0,38.188079833984375,58.26922607421875,39.20367431640625,,56.435577392578125,,neuroflex_data_20251020_162915_55d53325-2770-466f-acfd-b25a54e96458.json,Sesion_3_20251020,2025-10-20T19:29:15.430141,55d53325-2770-466f-acfd-b25a54e96458,Jose Cáceres,80.0,5.519.821-7,right
0.0,64.64541625976562,56.70654296875,70.707275390625,,49.93104553222656,,neuroflex_data_20251020_163003_0d7a4e39-815b-4fc5-8d86-795499409668.json,Sesion_3_20251020,2025-10-20T19:30:03.841666,0d7a4e39-815b-4fc5-8d86-795499409668,Inez Maldonado,80.0,5.842.782-9,right
0.0,12.149444580078125,11.886749267578125,3.687744140625,,16.768327713012695,,neuroflex_data_20251020_163915_0c8f6e33-66fd-4238-bade-c9922c6f0659.json,Sesion_3_20251020,2025-10-20T19:39:15.074132,0c8f6e33-66fd-4238-bade-c9922c6f0659,Maria Vasquez,78.0,6.645.059-7,right
0.0,32.88775634765625,89.66107177734375,91.78594970703125,,82.10582733154297,,neuroflex_data_20251020_164733_1205c8a8-9720-4968-b06a-ce0fa83902d3.json,Sesion_3_20251020,2025-10-20T19:47:33.573506,1205c8a8-9720-4968-b06a-ce0fa83902d3,Maria Cabello,85.0,19.471.268-5,right
0.0,79.67123413085938,26.31781005859375,17.45538330078125,,14.684908866882324,,neuroflex_data_20251020_165156_17c5a5c2-c287-4974-9520-726d45397dcc.json,Sesion_3_20251020,2025-10-20T19:51:56.501795,17c5a5c2-c287-4974-9520-726d45397dcc,Maria Cortez,64.0,9.560.659-8,left
0.0,99.68746948242188,72.77178955078125,58.24761962890625,,68.6895751953125,,neuroflex_data_20251020_171513_4b4f615e-af3d-49e5-9a33-54c8525fa745.json,Sesion_3_20251020,2025-10-20T20:15:13.949328,4b4f615e-af3d-49e5-9a33-54c8525fa745,Ana Bustos,80.0,4.885.176-2,right
0.0,44.341949462890625,15.016632080078125,3.731048583984375,,18.873863220214844,,neuroflex_data_20251020_171632_f1cd71c0-cf84-481d-ab22-3977916c7e5c.json,Sesion_3_20251020,2025-10-20T20:16:32.977096,f1cd71c0-cf84-481d-ab22-3977916c7e5c,Jose Baeza,67.0,8.507.187-4,right
0.0,54.94276428222656,2.704315185546875,2.64599609375,,9.146349906921387,,neuroflex_data_20251020_181309_3649e0f7-5b84-493d-970e-551183e674a7.json,Sesion_3_20251020,2025-10-20T21:13:09.129539,3649e0f7-5b84-493d-970e-551183e674a7,Idail Pinto,61.0,19.471.268-5,right
0.0,19.229141235351562,49.6551513671875,12.870697021484375,,2.9921798706054688,,neuroflex_data_20251023_160013_11c088a3-d2c1-4ec7-89a0-222cffbdb6eb.json,Sesion_4_20251023,2025-10-23T19:00:13.408089,11c088a3-d2c1-4ec7-89a0-222cffbdb6eb,Ana Conejeros,67.0,19.471.268-5,right
0.0,50.56378173828125,88.115966796875,23.5501708984375,,23.7530517578125,,neuroflex_data_20251023_161255_4324e3da-c32e-4179-a5cc-6fa221a37e07.json,Sesion_4_20251023,2025-10-23T19:12:55.574647,4324e3da-c32e-4179-a5cc-6fa221a37e07,Inez Maldonado,80.0,5.842.782-9,right
0.0,25.058685302734375,39.554046630859375,24.31927490234375,,8.979410171508789,,neuroflex_data_20251023_161318_39bdc50f-88dc-4d04-8c34-89295f5d85ec.json,Sesion_4_20251023,2025-10-23T19:13:18.284464,39bdc50f-88dc-4d04-8c34-89295f5d85ec,Luis Osorio,73.0,6.987.415-0,right
0.0,30.2921142578125,54.1356201171875,51.056396484375,,29.028427124023438,,neuroflex_data_20251023_162547_037fdbd4-438d-4b4b-a6cd-4142293d7b49.json,Sesion_4_20251023,2025-10-23T19:25:47.778302,037fdbd4-438d-4b4b-a6cd-4142293d7b49,Maria Cabello,85.0,19.471.268-5,right
0.0,22.044525146484375,20.149810791015625,65.29965209960938,,12.451765060424805,,neuroflex_data_20251023_164209_2af6a992-5c11-41dd-8b9f-f7816d4e5aac.json,Sesion_4_20251023,2025-10-23T19:42:09.777156,2af6a992-5c11-41dd-8b9f-f7816d4e5aac,Maria Cortez,64.0,9.560.659-8,left
0.0,18.845062255859375,11.806365966796875,23.258941650390625,,34.059600830078125,,neuroflex_data_20251023_171028_74fa4b86-881a-4a02-8eaf-7e73f5f5381c.json,Sesion_4_20251023,2025-10-23T20:10:28.587411,74fa4b86-881a-4a02-8eaf-7e73f5f5381c,Jose Baeza,67.0,8.507.187-4,right
0.0,33.347198486328125,66.34262084960938,39.19061279296875,,10.969158172607422,,neuroflex_data_20251023_173622_43b52391-1590-4151-9680-8678e16e852d.json,Sesion_4_20251023,2025-10-23T20:36:22.870462,43b52391-1590-4151-9680-8678e16e852d,Ana Bustos,80.0,4.885.176-2,right
0.0,61.92384338378906,43.8709716796875,52.277008056640625,,10.020415306091309,,neuroflex_data_20251023_182516_127e8c68-a72a-43e1-aa94-e39a36090ed5.json,Sesion_4_20251023,2025-10-23T21:25:16.265620,127e8c68-a72a-43e1-aa94-e39a36090ed5,Idail Pinto,61.0,19.471.268-5,right
0.0,18.696502685546875,20.68280029296875,11.9818115234375,,11.709183692932129,,neuroflex_data_20251027_160849_3f9587d9-5961-4afa-a851-722ae925dee6.json,Sesion_5_20251027,2025-10-27T19:08:49.230212,3f9587d9-5961-4afa-a851-722ae925dee6,Ana Conejeros,67.0,19.471.268-5,right
0.0,18.137847900390625,8.68353271484375,56.476043701171875,,8.580101013183594,,neuroflex_data_20251027_161801_fc11d3d4-3033-42fa-8fb1-539138ad4b1b.json,Sesion_5_20251027,2025-10-27T19:18:01.281516,fc11d3d4-3033-42fa-8fb1-539138ad4b1b,Luis Osorio,73.0,6.987.415-0,right
0.0,23.719146728515625,35.017425537109375,50.16241455078125,,20.55203628540039,,neuroflex_data_20251027_162205_a65bb44c-2288-40a8-ba83-75f48b71156a.json,Sesion_5_20251027,2025-10-27T19:22:05.561325,a65bb44c-2288-40a8-ba83-75f48b71156a,Maria Cabello,85.0,19.471.268-5,right
0.0,13.280609130859375,27.396575927734375,46.905792236328125,,18.919490814208984,,neuroflex_data_20251027_162747_b32b4aa5-5b87-4528-9d4e-6c81d03ac68b.json,Sesion_5_20251027,2025-10-27T19:27:47.042605,b32b4aa5-5b87-4528-9d4e-6c81d03ac68b,Inez Maldonado,80.0,5.842.782-9,right
0.0,6.49676513671875,36.72467041015625,23.35858154296875,,21.429420471191406,,neuroflex_data_20251027_163315_65e69856-2f0b-4ea5-8812-be5966c82520.json,Sesion_5_20251027,2025-10-27T19:33:15.519003,65e69856-2f0b-4ea5-8812-be5966c82520,Erica Saavedra,66.0,8.723.252-2,right
0.0,17.289093017578125,22.107818603515625,34.75677490234375,,11.117265701293945,,neuroflex_data_20251027_164249_4327808d-172b-4ced-b125-37da3335e659.json,Sesion_5_20251027,2025-10-27T19:42:49.184956,4327808d-172b-4ced-b125-37da3335e659,Maria Cortez,64.0,9.560.659-8,left
0.0,69.0877685546875,34.90924072265625,60.7684326171875,,12.19041919708252,,neuroflex_data_20251027_164630_a51ea5b3-6204-47c6-9f01-8bdebf7a556f.json,Sesion_5_20251027,2025-10-27T19:46:30.495947,a51ea5b3-6204-47c6-9f01-8bdebf7a556f,Jose Cáceres,80.0,5.519.821-7,right
0.0,25.03546142578125,43.77886962890625,23.983489990234375,,13.154559135437012,,neuroflex_data_20251027_170712_27e93be8-9617-490c-a8de-d44320ea17d2.json,Sesion_5_20251027,2025-10-27T20:07:12.884292,27e93be8-9617-490c-a8de-d44320ea17d2,Maria Vasquez,78.0,6.645.059-7,right
0.0,2.1428985595703125,3.0612030029296875,14.93023681640625,,8.7953462600708,,neuroflex_data_20251027_170725_13ebc931-010e-411b-9232-0c4f3c31cabf.json,Sesion_5_20251027,2025-10-27T20:07:25.574050,13ebc931-010e-411b-9232-0c4f3c31cabf,Jose Baeza,67.0,8.507.187-4,right
0.0,23.40936279296875,47.9107666015625,70.66128540039062,,12.636028289794922,,neuroflex_data_20251027_174548_20ba68ff-b2fa-4023-a316-437eb17cdf63.json,Sesion_5_20251027,2025-10-27T20:45:48.712490,20ba68ff-b2fa-4023-a316-437eb17cdf63,Ana Bustos,80.0,4.885.176-2,right
0.0,72.37994384765625,16.034423828125,27.118560791015625,,9.701813697814941,,neuroflex_data_20251027_175629_7fa4de7f-ba33-452a-900e-fa9188276e1b.json,Sesion_5_20251027,2025-10-27T20:56:29.307492,7fa4de7f-ba33-452a-900e-fa9188276e1b,Idail Pinto,61.0,19.471.268-5,right
0.0,2.889129638671875,9.312255859375,8.40850830078125,,12.514610290527344,,neuroflex_data_20251030_161250_c7dd269d-4f5d-484c-953c-c808352b7194.json,Sesion_6_20251030,2025-10-30T19:12:50.329200,c7dd269d-4f5d-484c-953c-c808352b7194,Ana Conejeros,67.0,19.471.268-5,right
0.0,7.98358154296875,10.0391845703125,2.010284423828125,,10.023419380187988,,neuroflex_data_20251030_161534_a4c56c8d-be06-4875-979f-c0bd2d0ad0b2.json,Sesion_6_20251030,2025-10-30T19:15:34.277315,a4c56c8d-be06-4875-979f-c0bd2d0ad0b2,Maria Cortez,64.0,9.560.659-8,left
0.0,46.165252685546875,28.3936767578125,50.574249267578125,,8.181868553161621,,neuroflex_data_20251030_162301_434f2196-8d56-4b43-aa83-be5e30ab6c9c.json,Sesion_6_20251030,2025-10-30T19:23:01.122527,434f2196-8d56-4b43-aa83-be5e30ab6c9c,Luis Osorio,73.0,6.987.415-0,right
0.0,16.909210205078125,25.576171875,44.8846435546875,,19.258031845092773,,neuroflex_data_20251030_162513_b6ffc953-c075-4396-be8c-f59adaa42bec.json,Sesion_6_20251030,2025-10-30T19:25:13.131282,b6ffc953-c075-4396-be8c-f59adaa42bec,Inez Maldonado,80.0,5.842.782-9,right
0.0,41.04644775390625,18.1053466796875,14.901153564453125,,9.349513053894043,,neuroflex_data_20251030_181042_d194c636-3121-4f13-a6ce-ab7cd1b6a803.json,Sesion_6_20251030,2025-10-30T21:10:42.221854,d194c636-3121-4f13-a6ce-ab7cd1b6a803,Idail Pinto,61.0,19.471.268-5,right
0.0,2.583648681640625,15.25372314453125,3.5640869140625,,10.979762077331543,,neuroflex_data_20251103_161544_839a841c-275c-43c8-b050-bb463652d317.json,Sesion_7_20251103,2025-11-03T19:15:44.176947,839a841c-275c-43c8-b050-bb463652d317,Ana Conejeros,67.0,19.471.268-5,right
0.0,46.09967041015625,55.951416015625,94.385009765625,,92.69095611572266,,neuroflex_data_20251103_162203_6eba35a1-1533-496e-ad46-17f53a42666e.json,Sesion_7_20251103,2025-11-03T19:22:03.575432,6eba35a1-1533-496e-ad46-17f53a42666e,Jose Cáceres,80.0,5.519.821-7,right
0.0,6.318115234375,18.90020751953125,19.90966796875,,9.168046951293945,,neuroflex_data_20251103_162443_dfac5111-cee6-4d83-ab66-d888b4276340.json,Sesion_7_20251103,2025-11-03T19:24:43.043876,dfac5111-cee6-4d83-ab66-d888b4276340,Maria Vasquez,78.0,6.645.059-7,right
0.0,76.67398071289062,49.459075927734375,7.49737548828125,,26.185527801513672,,neuroflex_data_20251103_163412_d6048317-fd64-4ae7-bc9f-abeb305ebd1a.json,Sesion_7_20251103,2025-11-03T19:34:12.452677,d6048317-fd64-4ae7-bc9f-abeb305ebd1a,Maria Cortez,64.0,9.560.659-8,left
0.0,18.01947021484375,37.199920654296875,73.05804443359375,,9.65977668762207,,neuroflex_data_20251103_163818_e1d9fed0-34ba-4a9b-a9f5-af323be79f5c.json,Sesion_7_20251103,2025-11-03T19:38:18.709951,e1d9fed0-34ba-4a9b-a9f5-af323be79f5c,Inez Maldonado,80.0,5.842.782-9,right
0.0,28.83038330078125,39.622894287109375,60.878448486328125,,8.754602432250977,,neuroflex_data_20251103_164550_74740dc3-ebfa-49a9-9828-8ca58bc8fbed.json,Sesion_7_20251103,2025-11-03T19:45:50.137215,74740dc3-ebfa-49a9-9828-8ca58bc8fbed,Luis Osorio,73.0,6.987.415-0,right
0.0,32.43780517578125,36.8843994140625,25.2186279296875,,10.255195617675781,,neuroflex_data_20251103_180052_d6eb86be-ef5d-4fed-a38c-cce9b3a5c6ae.json,Sesion_7_20251103,2025-11-03T21:00:52.309460,d6eb86be-ef5d-4fed-a38c-cce9b3a5c6ae,Idail Pinto,61.0,19.471.268-5,right
0.0,7.787322998046875,36.861236572265625,21.27154541015625,,9.219284057617188,,neuroflex_data_20251106_162047_bc602459-6c0e-4cef-9cd1-d2870fea59c8.json,Sesion_8_20251106,2025-11-06T19:20:47.976011,bc602459-6c0e-4cef-9cd1-d2870fea59c8,Ana Conejeros,67.0,19.471.268-5,right
0.0,6.195343017578125,29.32745361328125,34.32696533203125,,8.1856689453125,,neuroflex_data_20251106_162238_20e61fe6-9fa2-43e9-ad35-6a843acd4825.json,Sesion_8_20251106,2025-11-06T19:22:38.455678,20e61fe6-9fa2-43e9-ad35-6a843acd4825,Luis Osorio,73.0,6.987.415-0,right
0.0,4.9281005859375,19.703399658203125,17.163818359375,,8.56449031829834,,neuroflex_data_20251106_162915_50be0f5d-6284-4f6a-9cef-1c15e3a53f1b.json,Sesion_8_20251106,2025-11-06T19:29:15.890356,50be0f5d-6284-4f6a-9cef-1c15e3a53f1b,Maria Cortez,64.0,9.560.659-8,left
0.0,16.926971435546875,25.7529296875,17.468536376953125,,36.39960479736328,,neuroflex_data_20251106_174910_e9f48d94-cb5d-41c7-b861-a605899e4107.json,Sesion_8_20251106,2025-11-06T20:49:10.674050,e9f48d94-cb5d-41c7-b861-a605899e4107,Ana Bustos,80.0,4.885.176-2,right
0.0,25.2562255859375,8.784225463867188,53.547454833984375,,8.734644889831543,,neuroflex_data_20251106_180106_d29ef3f5-04d5-4e04-8fd2-c04f70f0670a.json,Sesion_8_20251106,2025-11-06T21:01:06.877830,d29ef3f5-04d5-4e04-8fd2-c04f70f0670a,Idail Pinto,61.0,19.471.268-5,right
0.0,64.76986694335938,4.867279052734375,5.675994873046875,,10.457534790039062,,neuroflex_data_20251110_161951_ac8b07e5-0f65-411a-9f4a-68b1e6634ee0.json,Sesion_9_20251110,2025-11-10T19:19:51.159838,ac8b07e5-0f65-411a-9f4a-68b1e6634ee0,Maria Cortez,64.0,9.560.659-8,left
0.0,28.177078247070312,49.632171630859375,27.623748779296875,,7.641050815582275,,neuroflex_data_20251110_162240_c8aa68e4-1a8c-4702-8e17-e212c46b0926.json,Sesion_9_20251110,2025-11-10T19:22:40.128406,c8aa68e4-1a8c-4702-8e17-e212c46b0926,Luis Osorio,73.0,6.987.415-0,right
0.0,30.2679443359375,67.28585815429688,18.147216796875,,17.952749252319336,,neuroflex_data_20251110_162949_dbb24727-52c3-470b-b3dc-4b37cfc9f12d.json,Sesion_9_20251110,2025-11-10T19:29:49.770399,dbb24727-52c3-470b-b3dc-4b37cfc9f12d,Inez Maldonado,80.0,5.842.782-9,right
0.0,37.856231689453125,29.581634521484375,32.508636474609375,,8.02524185180664,,neuroflex_data_20251110_175836_778d5524-bb16-4c63-bb50-4b824685b8d4.json,Sesion_9_20251110,2025-11-10T20:58:36.650903,778d5524-bb16-4c63-bb50-4b824685b8d4,Idail Pinto,61.0,19.471.268-5,right
